date,open,high,low,close,volume,Name
2013-09-09,48.36,49.19,48.35,49.19,10510038,AIG
2013-09-09,25.51,25.98,25.51,25.91,2418490,PGR
2013-09-09,42.09,42.705,41.92,42.68,1133233,PFG
2013-09-09,96.22,96.79,96.21,96.45,3532093,MCD
2013-09-09,50.59,51.08,50.43,50.8,1167455,CAH
2013-09-09,31.2208,31.79,31.2,31.655,49610584,MSFT
2013-09-09,65.49,66.48,65.34,66.46,1885814,COF
2013-09-09,32.04,32.43,31.82,32.17,1253931,FOX
2013-09-09,112.88,114.14,112.71,113.98,153034,SRCL
2013-09-09,60.65,60.99,60.24,60.86,506600,WYN
2013-09-09,32.16,32.32,32.0,32.12,2136626,PEG
2013-09-09,87.27,87.62,86.5433,86.71,1246738,ANTM
2013-09-09,41.36,41.93,41.35,41.93,1410836,MMC
2013-09-09,75.46,75.97,74.85,75.05,1070645,SNI
2013-09-09,62.19,62.71,61.92,62.2,488279,ALB
2013-09-09,442.3069,445.3199,441.6512,444.471,2466701,GOOGL
2013-09-09,33.5,33.8,33.46,33.8,5716185,ABT
2013-09-09,61.43,62.41,61.43,62.24,2975581,TWX
2013-09-09,30.95,31.66,30.94,31.64,3494329,HIG
2013-09-09,104.75,105.79,104.66,105.79,906817,BXP
2013-09-09,79.25,79.48,78.79,79.38,3757080,PEP
2013-09-09,62.75,63.5,62.63,63.49,773757,OMC
2013-09-09,51.34,51.94,51.26,51.92,892831,OKE
2013-09-09,35.46,36.56,35.1,36.495,6829983,MYL
2013-09-09,45.05,45.535,44.82,45.47,1089301,EIX
2013-09-09,48.01,48.53,47.98,48.47,4871574,MET
2013-09-09,57.06,58.59,57.04,58.25,834685,URI
2013-09-09,45.41,45.68,44.715,44.94,1606133,FIS
2013-09-09,77.19,78.44,77.09,78.39,1391200,RRC
2013-09-09,68.32,68.43,67.5,67.6,620559,UHS
2013-09-09,66.82,67.7,66.61,67.7,807959,AON
2013-09-09,58.31,58.79,58.15,58.66,941107,ABC
2013-09-09,61.6,62.56,61.0,62.51,263858,MAA
2013-09-09,57.13,57.96,57.12,57.7,532964,IT
2013-09-09,25.52,25.76,25.38,25.66,4285043,CSX
2013-09-09,22.83,23.15,22.83,23.02,1978817,CNP
2013-09-09,28.23,29.07,28.23,28.96,2614102,TXT
2013-09-09,49.54,50.4025,49.54,50.22,3491476,WBA
2013-09-09,92.76,93.81,92.76,93.79,630907,ECL
2013-09-09,47.96,48.24,47.95,48.16,1364270,HAS
2013-09-09,47.59,48.0485,47.29,47.95,1668867,A
2013-09-09,23.61,23.98,23.58,23.92,22724511,CSCO
2013-09-09,57.43,57.99,57.42,57.74,364503,HRS
2013-09-09,28.235,28.36,28.1,28.3,21989034,PFE
2013-09-09,19.2,19.71,19.19,19.71,3669901,GGP
2013-09-09,72.16,74.27,72.16,74.26,4212093,AMT
2013-09-09,37.22,37.72,37.015,37.16,4065739,BBY
2013-09-09,25.99,26.14,25.84,25.94,1494866,CMS
2013-09-09,40.04,40.36,40.02,40.34,1082813,WM
2013-09-09,32.9,33.52,32.81,33.14,1851569,FL
2013-09-09,417.99,421.9,416.44,416.5,157755,AZO
2013-09-09,34.11,34.53,33.97,34.51,675656,BF.B
2013-09-09,63.18,64.06,62.66,63.64,639775,VRSK
2013-09-09,42.64,42.77,42.41,42.67,2010804,AEP
2013-09-09,40.48,41.31,40.41,41.14,3375948,GPS
2013-09-09,60.4,60.5,60.07,60.26,1839401,K
2013-09-09,29.39,29.6,29.18,29.355,567484,CNC
2013-09-09,46.48,46.62,45.71,46.11,1818138,DISH
2013-09-09,39.39,39.84,39.25,39.75,3656733,TXN
2013-09-09,30.49,30.75,30.07,30.38,6395910,NEM
2013-09-09,30.34,30.42,30.04,30.25,4326970,EXC
2013-09-09,50.76,51.55,50.53,50.641,5147888,EXPE
2013-09-09,77.19,77.89,76.75,77.29,1118907,EMN
2013-09-09,228.56,230.17,228.45,229.33,64493,MTD
2013-09-09,17.11,17.41,17.1,17.31,38467666,F
2013-09-09,137.4,138.44,135.58,135.9,903609,AGN
2013-09-09,63.18,64.15,63.04,64.13,1675213,NBL
2013-09-09,44.18,44.31,43.87,43.9,1683860,AME
2013-09-09,78.18,78.58,78.08,78.42,2641758,NOV
2013-09-09,25.88,26.0,25.57,25.78,2901644,PWR
2013-09-09,16.3,16.52,16.22,16.509,2236868,ETFC
2013-09-09,48.73,49.23,48.68,49.17,1820002,DFS
2013-09-09,100.16,101.91,100.07,100.98,724972,CXO
2013-09-09,39.06,39.624,38.88,39.162,4772680,CF
2013-09-09,17.06,17.14,16.93,17.04,3344694,ATVI
2013-09-09,75.755,76.07,75.5,75.85,1066893,RTN
2013-09-09,80.1,80.3,79.85,80.23,1647280,NEE
2013-09-09,173.85,175.85,173.05,174.91,381605,SHW
2013-09-09,53.4,54.55,53.4,54.48,441059,AIZ
2013-09-09,26.08,26.37,26.045,26.35,1867051,NRG
2013-09-09,68.0,68.75,67.51,68.48,412977,SIG
2013-09-09,28.425,29.045,28.425,29.0,1841032,CHD
2013-09-09,43.88,44.44,43.5,44.43,3287461,ABBV
2013-09-09,79.03,80.55,78.9501,79.578,501061,ILMN
2013-09-09,130.3,132.29,129.28,132.11,1198441,PVH
2013-09-09,41.98,42.215,41.805,42.14,1667382,GRMN
2013-09-09,35.2461,35.8115,35.2356,35.644,1577840,JCI
2013-09-09,88.99,89.85,88.98,89.7,2688147,OXY
2013-09-09,42.82,43.31,42.71,43.15,249745,IQV
2013-09-09,26.96,27.45,26.95,27.44,12704330,MS
2013-09-09,47.0334,47.6334,46.9267,47.62,273731,TMK
2013-09-09,45.21,45.83,45.15,45.61,426390,CBOE
2013-09-09,26.55,27.28,26.51,27.26,988488,LUK
2013-09-09,65.01,65.24,64.4675,65.05,2130206,AET
2013-09-09,21.105,21.145,21.045,21.125,769558,HRL
2013-09-09,46.35,46.4,45.82,45.91,12732598,VZ
2013-09-09,74.11,74.55,73.78,74.25,2632130,UNH
2013-09-09,70.21,70.72,70.0,70.7,1762242,BAX
2013-09-09,32.11,32.24,32.0337,32.22,2425181,SYY
2013-09-09,18.56,18.8899,18.55,18.74,8689198,MGM
2013-09-09,53.62,53.97,53.61,53.95,2565467,TJX
2013-09-09,87.83,88.36,87.64,88.15,855738,DOV
2013-09-09,23.92,24.42,23.92,24.22,3096239,NFX
2013-09-09,30.57,30.71,30.36,30.67,1146260,NDAQ
2013-09-09,40.74,41.25,40.74,41.06,1592453,MAR
2013-09-09,114.17,115.47,113.929,115.35,1262032,COST
2013-09-09,70.14,71.71,70.14,71.48,3323516,YUM
2013-09-09,47.51,47.92,47.51,47.65,996874,DRI
2013-09-09,31.37,31.96,31.33,31.84,9350298,FCX
2013-09-09,181.89,183.1,181.0,182.21,636960,PXD
2013-09-09,14.31,14.41,14.24,14.375,2084165,PBCT
2013-09-09,41.95,42.33,41.95,42.3,7220069,BMY
2013-09-09,87.64,88.54,87.61,88.13,451865,SWK
2013-09-09,20.21,20.415,20.06,20.38,3672626,KIM
2013-09-09,30.37,30.65,30.32,30.65,1406824,UNM
2013-09-09,78.75,80.34,78.75,80.22,699470,GPC
2013-09-09,108.33,109.8,107.96,109.72,325312,KSU
2013-09-09,60.07,61.39,60.07,61.18,1578443,SPGI
2013-09-09,118.18,119.25,118.18,119.25,776472,PX
2013-09-09,34.45,34.59,34.35,34.59,22729441,MO
2013-09-09,64.91,66.38,64.91,65.89,1172490,FLR
2013-09-09,35.29,35.71,35.27,35.6,13375814,WMB
2013-09-09,125.01,127.11,125.01,126.7,550717,CHTR
2013-09-09,54.49,55.33,54.24,55.13,893231,PCAR
2013-09-09,72.03,72.72,71.9329,72.45,987557,VAR
2013-09-09,51.31,51.48,50.73,51.35,1077540,KMX
2013-09-09,44.0,44.75,43.34,44.31,10162541,MOS
2013-09-09,22.41,23.25,22.37,23.24,1845970,CBG
2013-09-09,22.165,22.56,22.125,22.515,1096350,BLL
2013-09-09,56.63,58.0,56.63,57.59,2370779,MSI
2013-09-09,59.48,60.0,59.39,59.72,501672,EFX
2013-09-09,40.76,40.76,40.04,40.32,3211330,XRX
2013-09-09,30.01,30.31,29.95,30.23,1304647,XL
2013-09-09,93.03,93.61,92.8,93.61,1537123,KMB
2013-09-09,56.6,57.8,56.55,57.74,1210700,LB
2013-09-09,77.71,78.78,77.67,78.72,1952766,PRU
2013-09-09,31.75,32.16,31.65,32.02,743888,FLIR
2013-09-09,143.42,146.36,143.33,145.35,1020899,WYNN
2013-09-09,15.4,15.69,15.3,15.615,32719074,MU
2013-09-09,77.93,78.81,77.72,78.46,973825,DISCA
2013-09-09,68.48,69.5,68.48,69.49,1835558,EL
2013-09-09,73.48,74.24,73.18,73.66,405831,JBHT
2013-09-09,99.2,101.88,98.45,101.35,912905,ULTA
2013-09-09,17.34,17.8,17.31,17.8,5331895,HST
2013-09-09,58.73,58.88,58.34,58.77,4851616,CVS
2013-09-09,79.13,82.16,78.25,81.93,1316856,VRTX
2013-09-09,19.72,20.5,19.72,20.47,3799301,MAS
2013-09-09,49.24,50.485,49.235,50.26,7856278,HAL
2013-09-09,62.33,63.17,62.33,62.7,1372457,HOG
2013-09-09,123.59,124.41,122.23,123.23,1099143,PRGO
2013-09-09,62.2,63.52,61.83,63.3,992929,ARE
2013-09-09,23.88,24.45,23.82,24.24,12515657,ARNC
2013-09-09,18.13,18.42,18.12,18.35,4102062,WU
2013-09-09,57.07,57.92,57.02,57.47,3102606,PSX
2013-09-09,145.54,148.44,145.35,148.44,1889481,SPG
2013-09-09,49.38,50.695,49.34,50.67,869140,RMD
2013-09-09,36.89,37.18,36.55,36.59,6091976,VLO
2013-09-09,25.89,26.26,25.89,25.91,2075107,IRM
2013-09-09,26.1,26.5,26.1,26.4,9518175,CHK
2013-09-09,46.57,46.57,45.94,46.16,3341242,ANDV
2013-09-09,73.59,73.81,73.15,73.66,3189517,AXP
2013-09-09,47.11,47.27,46.99,47.25,1931658,ADBE
2013-09-09,121.21,122.47,121.21,122.22,4482018,CVX
2013-09-09,18.25,18.5,18.13,18.38,9006825,FITB
2013-09-09,81.55,82.0,81.085,81.825,3750896,EOG
2013-09-09,57.83,58.44,57.83,58.42,1250302,CHRW
2013-09-09,90.77,91.5,90.7201,91.11,1130845,TMO
2013-09-09,153.05,156.92,152.69,156.9,669168,PSA
2013-09-09,79.87,80.83,79.81,80.7,725581,ZBH
2013-09-09,258.93,264.38,258.09,263.96,265603,GWW
2013-09-09,64.45,65.595,64.25,65.45,2007815,INTU
2013-09-09,74.81,75.14,74.23,74.97,1181140,NSC
2013-09-09,18.19,19.34,18.19,19.28,10616732,DHI
2013-09-09,65.56,66.24,65.27,66.1,2468690,DTE
2013-09-09,42.01,42.72,41.86,42.71,828683,EXR
2013-09-09,48.955,49.375,48.955,49.24,1737090,BWA
2013-09-09,67.82,68.17,67.43,68.11,1904832,STT
2013-09-09,68.25,68.92,68.05,68.87,5166011,COP
2013-09-09,33.79,33.99,33.51,33.56,4558488,CAG
2013-09-09,53.45,53.76,53.28,53.69,1336290,DLTR
2013-09-09,83.0,84.5,83.0,83.88,2549408,DE
2013-09-09,35.82,36.27,35.82,36.11,2482135,ADM
2013-09-09,9.59,9.6,9.43,9.54,15266966,RF
2013-09-09,52.32,52.67,52.13,52.45,1512506,KSS
2013-09-09,65.0,65.75,64.37,65.4,1830765,WDC
2013-09-09,57.7,58.2,57.42,57.93,1278184,STZ
2013-09-09,52.78,53.29,52.1,52.67,8990614,EBAY
2013-09-09,72.2,72.49,71.31,72.45,4295817,CCI
2013-09-09,297.22,299.96,296.6,299.71,1643573,AMZN
2013-09-09,11.51,12.02,11.46,11.99,24480080,BSX
2013-09-09,44.32,44.6625,44.32,44.6375,10801516,V
2013-09-09,51.26,52.25,51.1,52.19,1006519,RHT
2013-09-09,32.53,32.795,32.465,32.7,4148048,NKE
2013-09-09,43.0,43.87,43.0,43.81,587487,AVY
2013-09-09,50.7,51.27,50.7,50.95,2306070,TEL
2013-09-09,39.34,39.5865,39.15,39.54,964463,PAYX
2013-09-09,26.95,27.21,26.88,27.07,1556021,HRB
2013-09-09,85.31,86.2,85.25,86.11,690428,EQT
2013-09-09,29.67,30.61,29.65,30.51,1095417,LKQ
2013-09-09,183.68,185.49,183.31,184.98,3017239,IBM
2013-09-09,29.1,29.32,28.97,29.28,1578040,NI
2013-09-09,21.64,21.91,21.64,21.82,4209952,SCHW
2013-09-09,23.25,23.46,23.18,23.39,28179656,GE
2013-09-09,41.52,41.72,40.89,41.72,27418642,WFC
2013-09-09,35.97,36.47,35.89,36.43,2880628,CCL
2013-09-09,31.43,31.74,30.98,31.19,485060,NCLH
2013-09-09,20.85,21.785,20.76,21.76,48673985,DAL
2013-09-09,72.85,73.65,72.7,73.51,5527030,WMT
2013-09-09,49.325,49.78,49.18,49.76,930446,FISV
2013-09-09,37.12,38.27,37.06,38.24,1332042,RHI
2013-09-09,47.6,47.85,47.48,47.74,29180217,MRK
2013-09-09,42.93,43.69,42.91,43.62,2034483,EXPD
2013-09-09,14.41,14.49,14.37,14.48,53381618,BAC
2013-09-09,138.64,139.68,137.93,139.39,195860,TDG
2013-09-09,177.93,180.32,177.93,179.98,524609,AMG
2013-09-09,88.38,89.67,88.29,89.5,1026532,CB
2013-09-09,56.83,57.67,56.54,57.67,788152,MAC
2013-09-09,61.08,62.66,61.08,62.66,5751197,GILD
2013-09-09,49.28,49.28,48.955,49.09,911145,TAP
2013-09-09,64.48,66.41,64.35,65.74,806715,HP
2013-09-09,99.2,100.14,98.9,99.72,694409,BDX
2013-09-09,22.89,23.52,22.75,23.51,2243347,UDR
2013-09-09,199.54,203.61,199.14,202.92,349089,ADS
2013-09-09,15.75,15.81,15.43,15.56,491999,COTY
2013-09-09,16.19,16.39,16.15,16.3,2409831,IPG
2013-09-09,101.72,103.18,101.72,103.09,327135,WAT
2013-09-09,81.84,82.73,81.77,82.43,2270067,HON
2013-09-09,53.48,53.99,53.45,53.92,3671313,MDT
2013-09-09,13.1,13.32,13.08,13.29,4154207,AES
2013-09-09,46.31,46.5,46.0401,46.3,621831,SCG
2013-09-09,47.24,47.46,47.0,47.3,1011653,ADI
2013-09-09,41.0,41.66,40.69,41.66,2396441,HCP
2013-09-09,52.78,53.19,52.52,52.86,19933888,JPM
2013-09-09,39.08,39.215,38.77,38.94,1222222,MCHP
2013-09-09,14.71,14.94,14.57,14.94,1849912,DRE
2013-09-09,39.37,39.5,39.15,39.43,714252,AWK
2013-09-09,29.98,31.1,29.98,31.03,6432244,UAL
2013-09-09,90.41,91.23,90.32,91.2,817785,HSY
2013-09-09,86.92,87.27,86.8399,87.13,2099116,UPS
2013-09-09,45.82,46.805,45.8,46.63,5714207,LOW
2013-09-09,42.57,42.965,42.4726,42.92,348628,RJF
2013-09-09,30.64,31.0,30.355,30.59,2723837,ZTS
2013-09-09,77.825,78.515,77.47,78.315,2657462,UNP
2013-09-09,37.2,37.55,37.05,37.24,1634280,RCL
2013-09-09,73.53,74.36,73.53,74.235,4869590,CELG
2013-09-09,67.98,68.835,67.79,68.63,335828,FMC
2013-09-09,87.01,89.91,87.01,88.88,992087,XEC
2013-09-09,20.93,20.99,20.675,20.87,3311278,JNPR
2013-09-09,49.49,50.12,49.36,50.09,22388089,C
2013-09-09,20.84,21.41,20.76,21.24,3926097,GT
2013-09-09,39.45,40.46,39.105,40.16,3428400,STX
2013-09-09,77.5,78.0,77.1439,77.83,762145,TIF
2013-09-09,37.18,37.83,37.14,37.7,1867257,ADSK
2013-09-09,29.6,30.34,29.56,30.26,1564979,SEE
2013-09-09,42.11,42.3,41.89,41.99,1578677,CPB
2013-09-09,13.04,13.32,12.98,13.27,6261482,LUV
2013-09-09,68.0,69.37,68.0,69.299,13633396,QCOM
2013-09-09,165.48,166.27,165.13,165.74,1804821,RL
2013-09-09,62.85,63.13,62.4,63.03,1101891,ETR
2013-09-09,80.37,80.85,80.13,80.39,3165187,VIAB
2013-09-09,36.48,36.5,35.89,36.32,6977932,USB
2013-09-09,47.96,49.29,47.96,49.15,2882503,IP
2013-09-09,46.76,47.49,46.76,47.38,928317,CERN
2013-09-09,93.35,93.83,93.35,93.51,1009354,NOC
2013-09-09,126.43,128.22,125.77,128.19,562304,AVB
2013-09-09,35.03,35.24,34.99,35.08,1765434,NLSN
2013-09-09,18.735,18.885,18.72,18.845,4957990,KR
2013-09-09,173.91,177.71,173.3,177.26,618340,EQIX
2013-09-09,95.57,95.9999,95.19,95.44,830173,HUM
2013-09-09,35.81,38.52,35.61,37.589,3104216,INCY
2013-09-09,47.24,47.87,46.96,47.87,780336,REG
2013-09-09,67.41,68.15,67.41,68.15,369467,MKC
2013-09-09,58.85,59.12,58.38,58.9,1272060,KLAC
2013-09-09,8.5,8.58,8.41,8.575,13302113,HBAN
2013-09-09,135.03,136.01,134.91,135.42,350318,RE
2013-09-09,48.45,49.225,48.45,49.18,2501167,ALL
2013-09-09,79.31,79.96,79.31,79.64,406973,AAP
2013-09-09,30.91,31.15,30.79,31.11,6229158,MDLZ
2013-09-09,72.98,73.79,72.9,73.58,5781756,HD
2013-09-09,112.13,112.67,111.45,112.67,3028900,BRK.B
2013-09-09,61.6,61.835,61.27,61.59,7224547,DIS
2013-09-09,53.79,54.29,53.44,53.58,3743109,CBS
2013-09-09,46.32,46.57,46.03,46.325,2542309,XLNX
2013-09-09,123.97,124.87,123.82,124.07,1220234,LMT
2013-09-09,63.36,64.02,63.35,63.93,3364155,TGT
2013-09-09,267.91,277.48,267.91,276.8,804672,REGN
2013-09-09,47.67,49.1,47.67,48.89,2217423,AKAM
2013-09-09,38.87,39.0,38.63,38.77,1636411,AVGO
2013-09-09,35.43,35.5,34.67,34.805,7780138,MPC
2013-09-09,45.5786,45.8452,45.4548,45.6357,1387453,VFC
2013-09-09,84.76,85.49,84.76,85.28,1102877,GD
2013-09-09,77.62,78.34,77.54,78.33,2161292,HES
2013-09-09,13.33,13.49,13.24,13.365,3410972,CDNS
2013-09-09,41.28,41.9,41.27,41.9,1688351,MAT
2013-09-09,157.41,159.7,157.16,159.49,2151025,GS
2013-09-09,48.6,49.2,48.54,49.2,5220297,CRM
2013-09-09,27.39,27.56,27.31,27.46,8429804,XEL
2013-09-09,73.14,73.9394,73.14,73.79,1700322,ADP
2013-09-09,26.93,27.37,26.64,27.11,3585366,EA
2013-09-09,103.89,105.36,103.89,104.76,954221,PH
2013-09-09,98.1,98.63,97.59,98.5,377280,LH
2013-09-09,40.09,40.26,39.88,40.26,429009,PDCO
2013-09-09,35.8,35.96,35.74,35.86,2055996,EW
2013-09-09,40.69,41.39,39.95,41.27,3412330,CMA
2013-09-09,61.71,62.16,61.29,62.16,1448450,VTR
2013-09-09,38.905,39.25,38.765,39.16,4956260,CTSH
2013-09-09,15.0,15.13,14.96,15.125,6160150,NVDA
2013-09-09,84.41,84.52,83.73,84.51,3966005,PM
2013-09-09,18.3666,18.7766,18.2967,18.74,3688383,MNST
2013-09-09,93.14,94.13,93.14,94.02,2317457,APC
2013-09-09,21.28,21.35,21.0425,21.1475,22559894,CMCSA
2013-09-09,63.801,64.089,63.553,64.04,6172810,MA
2013-09-09,37.01,37.23,36.7552,37.17,1942470,FE
2013-09-09,60.99,61.15,60.48,61.15,883324,DGX
2013-09-09,65.35,65.5,63.7899,64.77,6309694,ESRX
2013-09-09,47.88,48.325,47.6825,48.205,402244,IDXX
2013-09-09,144.48,148.89,143.7,148.75,236479,ESS
2013-09-09,30.6,30.975,30.6,30.83,2927943,IVZ
2013-09-09,32.91,33.095,32.73,33.0,3137425,STI
2013-09-09,58.0,58.78,58.0,58.57,2096118,CL
2013-09-09,26.23,26.85,26.22,26.78,1924162,XYL
2013-09-09,60.86,62.22,60.65,62.14,1670872,HCN
2013-09-09,128.1099,129.2065,127.9365,128.2999,1186110,ISRG
2013-09-09,122.36,124.04,122.36,123.76,370428,ORLY
2013-09-09,59.28,59.82,59.28,59.67,892142,FLS
2013-09-09,132.21,136.46,131.53,135.62,914011,WHR
2013-09-09,32.31,32.89,32.25,32.75,12400548,ORCL
2013-09-09,16.16,16.34,16.16,16.335,3668936,NWSA
2013-09-09,55.59,55.9299,55.4401,55.83,1232707,ED
2013-09-09,103.48,105.79,103.12,105.74,899971,APD
2013-09-09,24.245,24.595,24.245,24.51,738096,GPN
2013-09-09,73.23,73.31,72.36,72.95,1872604,PNC
2013-09-09,35.84,36.245,35.835,36.22,4936828,SBUX
2013-09-09,38.11,39.94,37.8,39.81,1523469,FBHS
2013-09-09,80.74,82.31,80.54,82.19,2797641,TRV
2013-09-09,29.65,30.01,29.65,29.85,1988958,CA
2013-09-09,36.46,37.0,36.42,36.87,435730,SNPS
2013-09-09,33.47,33.72,33.25,33.63,18992589,T
2013-09-09,61.66,62.77,61.65,62.5,2910499,EMR
2013-09-09,24.28,24.435,24.086,24.36,874660,LNT
2013-09-09,48.65,49.475,48.6,49.42,334058,CTAS
2013-09-09,115.01,115.27,112.93,113.14,1461431,MTB
2013-09-09,35.46,36.37,35.4,36.33,10750277,KMI
2013-09-09,14.41,14.66,14.41,14.63,8429383,GLW
2013-09-09,27.83,28.28,27.69,28.2,895307,AIV
2013-09-09,35.86,36.4,35.84,36.24,6571654,MRO
2013-09-09,83.59,83.8,83.0,83.52,868669,SRE
2013-09-09,51.34,51.85,51.255,51.725,465640,HSIC
2013-09-09,72.57,72.87,72.255,72.53,1311034,CME
2013-09-09,123.74,124.5465,123.32,124.25,701735,MCK
2013-09-09,52.41,52.575,52.0899,52.54,2324450,LLY
2013-09-09,76.13,77.35,75.99,77.02,1600508,SBAC
2013-09-09,108.4,109.19,107.63,109.1,2203030,FDX
2013-09-09,121.72,125.17,121.51,124.98,667112,MHK
2013-09-09,45.03,46.84,44.98,46.71,529481,ALGN
2013-09-09,72.1428,72.5599,71.9256,72.3099,84887432,AAPL
2013-09-09,53.58,54.41,53.46,54.39,561405,PKG
2013-09-09,34.425,34.6075,34.36,34.545,1490414,ROST
2013-09-09,86.06,87.03,86.01,86.66,2411844,APA
2013-09-09,73.17,73.83,72.99,73.56,1555845,ITW
2013-09-09,82.46,84.55,82.3,84.55,815209,VNO
2013-09-09,49.31,49.58,48.93,49.29,893287,LRCX
2013-09-09,33.51,33.79,33.3,33.76,2917060,BBT
2013-09-09,26.17,26.41,26.02,26.28,1961889,NWL
2013-09-09,66.19,67.66,66.13,66.75,3577918,ETN
2013-09-09,87.32,89.35,86.28,89.29,531656,SLG
2013-09-09,44.36,44.79,43.7,44.04,75694727,FB
2013-09-09,57.2,57.52,57.0,57.47,3070706,DG
2013-09-09,36.59,37.59,36.23,37.59,2692973,PLD
2013-09-09,98.91,99.89,98.43,99.79,388098,FRT
2013-09-09,127.17,128.52,126.88,128.06,431711,ROP
2013-09-09,62.12,63.81,62.12,63.42,1038900,TSCO
2013-09-09,73.5,73.75,73.26,73.58,2831042,ACN
2013-09-09,88.16,90.86,88.16,90.35,170147,AYI
2013-09-09,85.36,86.358,84.46,85.904,198509,ANSS
2013-09-09,30.55,30.79,30.4,30.79,2640434,BK
2013-09-09,32.86,33.22,32.65,33.08,1537346,AEE
2013-09-09,408.54,412.68,408.0,411.7,220220,CMG
2013-09-09,71.36,72.03,71.04,71.65,223154,DISCK
2013-09-09,39.51,39.55,38.43,38.84,4034296,HCA
2013-09-09,15.53,15.62,15.46,15.585,10043324,AMAT
2013-09-09,961.5,968.44,959.21,965.664,391700,PCLN
2013-09-09,75.76,76.74,74.87,75.62,3131129,KORS
2013-09-09,87.51,88.79,87.15,88.44,990216,FFIV
2013-09-09,111.34,111.96,110.46,111.67,2826790,AMGN
2013-09-09,37.04,37.47,37.0,37.42,562849,PKI
2013-09-09,29.52,29.92,29.51,29.85,5357794,TSN
2013-09-09,31.86,32.14,31.855,32.02,5716016,CTL
2013-09-09,71.24,71.56,71.127,71.4,491138,COL
2013-09-09,55.24,56.08,55.05,56.04,1007275,DVA
2013-09-09,22.72,23.03,22.7,22.91,27757984,INTC
2013-09-09,49.52,49.91,49.35,49.5,771305,VRSN
2013-09-09,79.21,80.26,79.0,79.74,216764,IFF
2013-09-09,16.33,16.5,16.3,16.49,772886,NWS
2013-09-09,21.665,22.18,21.58,22.115,812430,AOS
2013-09-09,71.68,72.14,71.21,71.96,756909,CTXS
2013-09-09,37.895,38.66,37.895,38.1,1989184,APH
2013-09-09,262.35,263.14,259.89,263.05,613643,BLK
2013-09-09,40.88,41.09,40.66,40.99,1560827,PCG
2013-09-09,39.89,40.13,39.7,39.95,1242982,WEC
2013-09-09,111.84,113.05,111.3801,112.78,581431,ALXN
2013-09-09,80.89,81.28,80.5101,80.67,1296739,CI
2013-09-09,47.2,47.376,46.855,47.1,2244602,BEN
2013-09-09,32.11,32.195,31.791,32.13,6165475,FOXA
2013-09-09,79.77,80.98,79.77,80.82,834684,PPG
2013-09-09,91.3,92.14,91.27,92.12,397853,LLL
2013-09-09,68.98,69.2001,68.62,69.16,732761,SYK
2013-09-09,41.16,41.31,41.0,41.23,3115606,SO
2013-09-09,64.63,65.93,64.63,65.92,131947,HII
2013-09-09,42.94,43.89,42.93,43.89,676035,AJG
2013-09-09,28.72,29.035,28.31,28.99,1605058,ZION
2013-09-09,74.53,75.2,74.29,74.5,1198729,TRIP
2013-09-09,100.42,102.59,99.98,102.25,773960,ROK
2013-09-09,42.86,43.525,42.83,43.3,1235495,XRAY
2013-09-09,52.13,52.85,51.975,52.67,1600252,DLR
2013-09-09,43.73,44.27,43.565,44.23,1569757,LNC
2013-09-09,70.35,70.89,70.26,70.74,2886630,LYB
2013-09-09,29.48,30.2597,29.44,30.23,2571449,LEG
2013-09-09,38.98,39.1,38.4,39.0,3173670,COG
2013-09-09,40.26,40.71,40.12,40.66,4325400,ES
2013-09-09,45.72,46.31,45.65,46.25,1248996,CINF
2013-09-09,47.85,49.1817,47.85,49.07,1730026,FAST
2013-09-09,53.18,53.61,53.05,53.48,2097855,TPR
2013-09-09,106.39,108.14,105.982,108.14,437677,SJM
2013-09-09,42.88,42.98,42.37,42.76,5917117,NTAP
2013-09-09,103.54,104.8,103.54,104.48,2194428,UTX
2013-09-09,21.39,21.69,21.34,21.67,1312467,HOLX
2013-09-09,58.64,59.1,58.5,59.02,2112322,DVN
2013-09-09,49.15,49.43,48.99,49.06,3423680,GIS
2013-09-09,55.15,55.67,54.63,55.14,1062149,FTI
2013-09-09,106.58,107.38,106.555,107.19,2907639,BA
2013-09-09,28.86,29.33,28.74,29.265,1096536,ALK
2013-09-09,100.87,102.02,100.52,102.01,2368632,MON
2013-09-09,15.445,15.535,15.2225,15.4925,2127328,HBI
2013-09-09,19.43,19.905,19.43,19.8275,6319780,UAA
2013-09-09,87.39,87.6,87.01,87.56,6822403,JNJ
2013-09-09,77.37,78.2,77.37,78.16,6089257,PG
2013-09-09,31.6274,33.4216,31.6078,33.3235,6660851,LEN
2013-09-09,87.85,89.01,87.84,88.9,749441,AMP
2013-09-09,30.1,30.31,30.0226,30.27,4663545,PPL
2013-09-09,82.34,83.38,82.34,83.32,647091,CLX
2013-09-09,66.19,66.468,65.05,65.97,1119792,MCO
2013-09-09,41.8214,42.1857,41.4685,42.0214,13842556,NFLX
2013-09-09,115.63,117.14,115.51,116.74,1976769,MMM
2013-09-09,96.01,97.41,96.01,96.96,180425,SNA
2013-09-09,25.89,26.18,25.76,25.99,2282199,SWKS
2013-09-09,87.34,88.195,87.31,88.04,9296991,XOM
2013-09-09,71.12,71.21,70.75,71.15,2103614,TROW
2013-09-09,53.04,54.2,52.98,54.19,2168073,EQR
2013-09-09,11.95,12.0,11.78,11.99,9090325,KEY
2013-09-09,44.86,45.48,44.8078,45.48,557726,L
2013-09-09,56.66,56.85,56.09,56.58,1229096,JWN
2013-09-09,127.1,130.0,127.08,129.38,1345395,CMI
2013-09-09,61.95,62.86,61.93,62.8,399048,PNR
2013-09-09,45.18,45.65,45.175,45.4,3125608,M
2013-09-09,16.86,17.47,16.84,17.47,5276200,AAL
2013-09-09,84.04,86.03,84.02,85.59,6708680,CAT
2013-09-09,49.12,50.33,49.07,50.23,535568,VMC
2013-09-09,32.24,32.56,32.24,32.49,1471713,RSG
2013-09-09,44.57,44.65,44.2,44.58,1410323,DPS
2013-09-09,28.33,28.53,28.29,28.48,790672,TSS
2013-09-09,85.18,86.75,85.18,86.45,5959134,SLB
2013-09-09,46.84,47.78,46.81,47.68,1595968,NUE
2013-09-09,57.6,58.08,57.5,58.02,2364361,D
2013-09-09,58.52,59.05,58.381,59.05,1641335,AFL
2013-09-09,3.63,3.72,3.62,3.69,23623916,AMD
2013-09-09,38.52,38.555,38.27,38.52,10608482,KO
2013-09-09,28.57,29.1,28.33,28.95,6189030,WY
2013-09-09,65.5,65.68,65.19,65.57,2389194,DUK
2013-09-09,59.01,60.47,58.25,58.43,1187815,JEC
2013-09-09,25.5,25.63,25.38,25.389,4030677,SYMC
2013-09-09,15.51,16.75,15.51,16.63,16023460,PHM
2013-09-09,62.0,62.611,61.76,62.36,1508856,IR
2013-09-09,95.0,96.89,94.97,96.74,436464,MLM
2013-09-09,55.57,55.775,55.32,55.6,1200205,NTRS
2013-09-09,131.33,133.27,131.33,133.12,280915,COO
2013-09-09,226.09,229.0,224.94,228.858,891582,BIIB
2013-09-09,52.57,52.805,52.28,52.72,752983,PNW
2013-09-09,36.34,36.7,36.25,36.48,13511817,GM
